awardID,yearID,lgID,playerID,pointsWon,pointsMax,votesFirst
Most Valuable Player,2015,AL,abreujo02,3,420,0
Most Valuable Player,2017,AL,abreujo02,16,420,0
Most Valuable Player,2019,AL,abreujo02,5,420,0
Most Valuable Player,2020,AL,abreujo02,374,420,21
Most Valuable Player,2021,AL,abreujo02,5,420,0
Most Valuable Player,2022,AL,abreujo02,5,420,0
Rookie of the Year,2024,AL,abreuwi02,11,150,0
Most Valuable Player,2018,NL,acunaro01,19,420,0
Rookie of the Year,2018,NL,acunaro01,144,150,27
Most Valuable Player,2019,NL,acunaro01,155,420,0
Most Valuable Player,2020,NL,acunaro01,21,420,0
Most Valuable Player,2023,NL,acunaro01,420,420,30
Most Valuable Player,2021,NL,adamewi01,8,420,0
Most Valuable Player,2024,NL,adamewi01,54,420,0
Most Valuable Player,2018,NL,aguilje01,7,420,0
Most Valuable Player,2021,NL,albieoz01,12,420,0
Most Valuable Player,2023,NL,albieoz01,4,420,0
Cy Young Award,2022,NL,alcansa01,210,210,30
Most Valuable Player,2022,NL,alcansa01,39,420,0
Most Valuable Player,2019,NL,alonspe01,102,420,0
Rookie of the Year,2019,NL,alonspe01,148,150,29
Most Valuable Player,2022,NL,alonspe01,81,420,0
Most Valuable Player,2023,NL,alonspe01,3,420,0
Most Valuable Player,2015,AL,altuvjo01,44,420,0
Most Valuable Player,2016,AL,altuvjo01,227,420,0
Most Valuable Player,2017,AL,altuvjo01,405,420,27
Most Valuable Player,2018,AL,altuvjo01,9,420,0
Most Valuable Player,2021,AL,altuvjo01,3,420,0
Most Valuable Player,2022,AL,altuvjo01,142,420,0
Most Valuable Player,2024,AL,altuvjo01,1,420,0
Rookie of the Year,2019,AL,alvaryo01,150,150,30
Most Valuable Player,2022,AL,alvaryo01,232,420,0
Most Valuable Player,2023,AL,alvaryo01,16,420,0
Most Valuable Player,2024,AL,alvaryo01,75,420,0
Rookie of the Year,2018,NL,anderbr06,4,150,0
Rookie of the Year,2020,NL,anderia01,1,150,0
Rookie of the Year,2021,NL,anderia01,3,150,0
Rookie of the Year,2016,AL,anderti01,2,150,0
Most Valuable Player,2020,AL,anderti01,125,420,0
Rookie of the Year,2018,AL,andujmi01,89,150,5
Cy Young Award,2015,AL,archech01,29,210,0
Most Valuable Player,2015,NL,arenano01,102,420,0
Most Valuable Player,2016,NL,arenano01,199,420,0
Most Valuable Player,2017,NL,arenano01,229,420,2
Most Valuable Player,2018,NL,arenano01,203,420,0
Most Valuable Player,2019,NL,arenano01,120,420,0
Most Valuable Player,2022,NL,arenano01,232,420,1
Rookie of the Year,2021,AL,arozara01,124,150,22
Rookie of the Year,2019,AL,arraelu01,5,150,0
Most Valuable Player,2022,AL,arraelu01,12,420,0
Most Valuable Player,2023,NL,arraelu01,67,420,0
Most Valuable Player,2024,NL,arraelu01,4,420,0
Cy Young Award,2015,NL,arrieja01,169,210,17
Most Valuable Player,2015,NL,arrieja01,134,420,0
Cy Young Award,2016,NL,arrieja01,2,210,0
Rookie of the Year,2018,NL,baderha01,1,150,0
Most Valuable Player,2018,NL,baezja01,250,420,0
Rookie of the Year,2023,NL,bailepa01,1,150,0
Most Valuable Player,2022,NL,bardda01,2,420,0
Cy Young Award,2020,AL,bassich01,10,210,0
Cy Young Award,2021,AL,bassich01,2,210,0
Cy Young Award,2023,AL,bassich01,4,210,0
Cy Young Award,2018,AL,bauertr01,13,210,0
Most Valuable Player,2018,AL,bauertr01,1,420,0
Cy Young Award,2020,NL,bauertr01,201,210,27
Most Valuable Player,2020,NL,bauertr01,32,420,0
Cy Young Award,2023,AL,bautife01,3,210,0
Most Valuable Player,2015,AL,bautijo02,82,420,0
Rookie of the Year,2021,NL,bednada01,1,150,0
Most Valuable Player,2017,NL,bellico01,38,420,0
Rookie of the Year,2017,NL,bellico01,150,150,30
Most Valuable Player,2019,NL,bellico01,362,420,19
Most Valuable Player,2023,NL,bellico01,49,420,0
Rookie of the Year,2017,NL,belljo02,32,150,0
Most Valuable Player,2020,NL,beltbr01,2,420,0
Most Valuable Player,2015,AL,beltrad01,83,420,0
Most Valuable Player,2016,AL,beltrad01,135,420,1
Rookie of the Year,2017,AL,beninan01,75,150,0
Cy Young Award,2021,AL,berrijo01,8,210,0
Cy Young Award,2015,AL,betande01,1,210,0
Most Valuable Player,2015,AL,bettsmo01,4,420,0
Most Valuable Player,2016,AL,bettsmo01,311,420,9
Most Valuable Player,2017,AL,bettsmo01,110,420,0
Most Valuable Player,2018,AL,bettsmo01,410,420,28
Most Valuable Player,2019,AL,bettsmo01,67,420,0
Most Valuable Player,2020,NL,bettsmo01,268,420,2
Most Valuable Player,2022,NL,bettsmo01,154,420,0
Most Valuable Player,2023,NL,bettsmo01,270,420,0
Most Valuable Player,2024,NL,bettsmo01,24,420,0
Rookie of the Year,2023,AL,bibeeta01,67,150,0
Most Valuable Player,2021,AL,bichebo01,7,420,0
Most Valuable Player,2022,AL,bichebo01,16,420,0
Most Valuable Player,2023,AL,bichebo01,5,420,0
Cy Young Award,2019,AL,biebesh01,64,210,0
Cy Young Award,2020,AL,biebesh01,210,210,30
Most Valuable Player,2020,AL,biebesh01,173,420,0
Cy Young Award,2022,AL,biebesh01,5,210,0
Rookie of the Year,2019,AL,biggica01,7,150,0
Most Valuable Player,2016,NL,blackch02,1,420,0
Most Valuable Player,2017,NL,blackch02,205,420,3
Most Valuable Player,2018,AL,bogaexa01,9,420,0
Most Valuable Player,2019,AL,bogaexa01,147,420,0
Most Valuable Player,2020,AL,bogaexa01,1,420,0
Most Valuable Player,2021,AL,bogaexa01,7,420,0
Most Valuable Player,2022,AL,bogaexa01,50,420,0
Rookie of the Year,2020,NL,bohmal01,74,150,9
Rookie of the Year,2015,NL,bourju01,4,150,0
Cy Young Award,2023,AL,bradiky01,39,210,0
Most Valuable Player,2017,NL,bradlar01,1,420,0
Most Valuable Player,2015,AL,brantmi02,1,420,0
Most Valuable Player,2016,NL,braunry02,2,420,0
Most Valuable Player,2018,AL,bregmal01,192,420,0
Most Valuable Player,2019,AL,bregmal01,335,420,13
Most Valuable Player,2022,AL,bregmal01,4,420,0
Most Valuable Player,2023,AL,bregmal01,1,420,0
Cy Young Award,2016,AL,brittza01,72,210,5
Most Valuable Player,2016,AL,brittza01,11,420,0
Most Valuable Player,2015,NL,bryankr01,34,420,0
Rookie of the Year,2015,NL,bryankr01,150,150,30
Most Valuable Player,2016,NL,bryankr01,415,420,29
Most Valuable Player,2017,NL,bryankr01,132,420,1
Rookie of the Year,2018,NL,buehlwa01,28,150,1
Cy Young Award,2019,NL,buehlwa01,2,210,0
Cy Young Award,2021,NL,buehlwa01,70,210,0
Cy Young Award,2015,NL,bumgama01,8,210,0
Cy Young Award,2016,NL,bumgama01,46,210,0
Most Valuable Player,2016,NL,bumgama01,7,420,0
Cy Young Award,2020,AL,bundydy01,5,210,0
Cy Young Award,2020,NL,burneco01,12,210,0
Cy Young Award,2021,NL,burneco01,151,210,12
Most Valuable Player,2021,NL,burneco01,9,420,0
Cy Young Award,2022,NL,burneco01,20,210,0
Cy Young Award,2023,NL,burneco01,13,210,0
Cy Young Award,2024,AL,burneco01,47,210,0
Rookie of the Year,2015,AL,burnsbi02,6,150,0
Most Valuable Player,2017,AL,buxtoby01,7,420,0
Most Valuable Player,2020,AL,buxtoby01,2,420,0
Most Valuable Player,2015,AL,cabremi01,40,420,0
Most Valuable Player,2016,AL,cabremi01,56,420,0
Most Valuable Player,2015,AL,cainlo01,225,420,0
Most Valuable Player,2018,NL,cainlo01,109,420,0
Most Valuable Player,2016,AL,canoro01,79,420,0
Rookie of the Year,2021,NL,carlsdy01,22,150,0
Most Valuable Player,2015,NL,carpema01,26,420,0
Most Valuable Player,2018,NL,carpema01,105,420,0
Cy Young Award,2015,AL,carraca01,2,210,0
Cy Young Award,2017,AL,carraca01,43,210,0
Most Valuable Player,2023,NL,carroco02,165,420,0
Rookie of the Year,2023,NL,carroco02,150,150,30
Rookie of the Year,2023,AL,casastr01,25,150,0
Most Valuable Player,2021,NL,casteni01,24,420,0
Most Valuable Player,2023,NL,casteni01,1,420,0
Rookie of the Year,2017,NL,castilu02,1,150,0
Cy Young Award,2023,AL,castilu02,23,210,0
Rookie of the Year,2020,AL,castrwi01,7,150,0
Cy Young Award,2022,AL,ceasedy01,97,210,0
Most Valuable Player,2022,AL,ceasedy01,1,420,0
Cy Young Award,2024,NL,ceasedy01,45,210,0
Most Valuable Player,2024,NL,ceasedy01,1,420,0
Most Valuable Player,2015,NL,cespeyo01,24,420,0
Most Valuable Player,2016,NL,cespeyo01,45,420,0
Most Valuable Player,2018,AL,chapmma01,141,420,0
Most Valuable Player,2019,AL,chapmma01,89,420,0
Most Valuable Player,2024,NL,chapmma01,37,420,0
Most Valuable Player,2024,NL,chourja01,1,420,0
Rookie of the Year,2024,NL,chourja01,26,150,0
Rookie of the Year,2021,AL,claseem01,11,150,1
Cy Young Award,2024,AL,claseem01,66,210,0
Most Valuable Player,2024,AL,claseem01,36,420,0
Cy Young Award,2015,NL,colege01,40,210,0
Most Valuable Player,2015,NL,colege01,3,420,0
Cy Young Award,2018,AL,colege01,26,210,0
Cy Young Award,2019,AL,colege01,159,210,13
Most Valuable Player,2019,AL,colege01,61,420,0
Cy Young Award,2020,AL,colege01,50,210,0
Cy Young Award,2021,AL,colege01,123,210,1
Most Valuable Player,2021,AL,colege01,4,420,0
Cy Young Award,2022,AL,colege01,1,210,0
Cy Young Award,2023,AL,colege01,210,210,30
Most Valuable Player,2023,AL,colege01,30,420,0
Most Valuable Player,2023,NL,contrwi02,39,420,0
Most Valuable Player,2024,NL,contrwi02,132,420,0
Cy Young Award,2018,NL,corbipa01,23,210,0
Cy Young Award,2019,NL,corbipa01,1,210,0
Most Valuable Player,2015,AL,correca01,2,420,0
Rookie of the Year,2015,AL,correca01,124,150,17
Most Valuable Player,2017,AL,correca01,9,420,0
Most Valuable Player,2021,AL,correca01,163,420,0
Cy Young Award,2022,AL,cortene01,3,210,0
Rookie of the Year,2024,AL,cowseco01,101,150,13
Most Valuable Player,2016,NL,crawfbr01,15,420,0
Most Valuable Player,2021,NL,crawfbr01,213,420,4
Most Valuable Player,2023,AL,crawfjp01,5,420,0
Rookie of the Year,2020,NL,croneja01,74,150,6
Most Valuable Player,2015,AL,cruzne02,94,420,0
Most Valuable Player,2016,AL,cruzne02,6,420,0
Most Valuable Player,2017,AL,cruzne02,44,420,0
Most Valuable Player,2019,AL,cruzne02,62,420,0
Most Valuable Player,2020,AL,cruzne02,128,420,0
Rookie of the Year,2022,NL,cruzon01,2,150,0
Cy Young Award,2016,NL,cuetojo01,19,210,0
Most Valuable Player,2016,NL,cuetojo01,1,420,0
Cy Young Award,2020,NL,darviyu01,123,210,3
Most Valuable Player,2020,NL,darviyu01,14,420,0
Cy Young Award,2022,NL,darviyu01,7,210,0
Most Valuable Player,2015,AL,davisch02,32,420,0
Most Valuable Player,2017,AL,daviskh01,1,420,0
Most Valuable Player,2018,AL,daviskh01,41,420,0
Cy Young Award,2015,AL,daviswa01,10,210,0
Most Valuable Player,2015,AL,daviswa01,1,420,0
Cy Young Award,2015,NL,degroja01,7,210,0
Cy Young Award,2017,NL,degroja01,2,210,0
Cy Young Award,2018,NL,degroja01,207,210,29
Most Valuable Player,2018,NL,degroja01,141,420,1
Cy Young Award,2019,NL,degroja01,207,210,29
Most Valuable Player,2019,NL,degroja01,44,420,0
Cy Young Award,2020,NL,degroja01,89,210,0
Cy Young Award,2021,NL,degroja01,1,210,0
Rookie of the Year,2017,NL,dejonpa01,56,150,0
Rookie of the Year,2023,NL,delacel01,1,150,0
Most Valuable Player,2024,NL,delacel01,89,420,0
Rookie of the Year,2015,AL,deshide02,1,150,0
Rookie of the Year,2016,AL,devench02,7,150,0
Most Valuable Player,2019,AL,deverra01,40,420,0
Most Valuable Player,2021,AL,deverra01,28,420,0
Most Valuable Player,2022,AL,deverra01,10,420,0
Most Valuable Player,2023,AL,deverra01,2,420,0
Most Valuable Player,2024,AL,deverra01,5,420,0
Rookie of the Year,2016,NL,diazal02,14,150,0
Rookie of the Year,2022,NL,diazal03,3,150,0
Rookie of the Year,2016,AL,diazed04,4,150,0
Cy Young Award,2018,AL,diazed04,4,210,0
Most Valuable Player,2018,AL,diazed04,5,420,0
Cy Young Award,2022,NL,diazed04,6,210,0
Most Valuable Player,2022,NL,diazed04,2,420,0
Most Valuable Player,2022,AL,diazya01,2,420,0
Most Valuable Player,2023,AL,diazya01,137,420,0
Rookie of the Year,2023,AL,diazya02,6,150,0
Most Valuable Player,2015,AL,donaljo02,385,420,23
Most Valuable Player,2016,AL,donaljo02,200,420,0
Most Valuable Player,2017,AL,donaljo02,1,420,0
Most Valuable Player,2019,NL,donaljo02,27,420,0
Rookie of the Year,2022,NL,donovbr01,22,150,0
Most Valuable Player,2015,AL,doziebr01,1,420,0
Most Valuable Player,2016,AL,doziebr01,9,420,0
Most Valuable Player,2017,AL,doziebr01,25,420,0
Rookie of the Year,2015,NL,duffyma01,70,150,0
Most Valuable Player,2024,AL,duranja01,90,420,0
Most Valuable Player,2016,AL,eatonad02,1,420,0
Cy Young Award,2023,AL,eflinza01,19,210,0
Most Valuable Player,2015,AL,encared01,38,420,0
Most Valuable Player,2016,AL,encared01,7,420,0
Most Valuable Player,2017,AL,encared01,4,420,0
Cy Young Award,2021,AL,eovalna01,41,210,0
Most Valuable Player,2021,AL,eovalna01,4,420,0
Cy Young Award,2015,AL,estrama01,3,210,0
Most Valuable Player,2016,NL,familje01,6,420,0
Cy Young Award,2016,NL,fernajo02,18,210,0
Most Valuable Player,2015,AL,fieldpr01,33,420,0
Rookie of the Year,2018,NL,flaheja01,2,150,0
Cy Young Award,2019,NL,flaheja01,69,210,0
Most Valuable Player,2019,NL,flaheja01,9,420,0
Most Valuable Player,2020,AL,fletcda02,1,420,0
Cy Young Award,2018,NL,foltymi01,3,210,0
Rookie of the Year,2021,AL,francwa01,30,150,2
Rookie of the Year,2017,NL,freelky01,3,150,0
Cy Young Award,2018,NL,freelky01,49,210,0
Most Valuable Player,2016,NL,freemfr01,129,420,0
Most Valuable Player,2018,NL,freemfr01,174,420,0
Most Valuable Player,2019,NL,freemfr01,90,420,0
Most Valuable Player,2020,NL,freemfr01,410,420,28
Most Valuable Player,2021,NL,freemfr01,43,420,0
Most Valuable Player,2022,NL,freemfr01,220,420,0
Most Valuable Player,2023,NL,freemfr01,227,420,0
Most Valuable Player,2024,NL,freemfr01,6,420,0
Cy Young Award,2020,NL,friedma01,15,210,0
Most Valuable Player,2020,NL,friedma01,1,420,0
Cy Young Award,2022,NL,friedma01,72,210,0
Most Valuable Player,2023,NL,friedtj01,1,420,0
Cy Young Award,2016,AL,fulmemi01,1,210,0
Rookie of the Year,2016,AL,fulmemi01,142,150,26
Cy Young Award,2020,NL,galleza01,2,210,0
Cy Young Award,2022,NL,galleza01,45,210,0
Cy Young Award,2023,NL,galleza01,68,210,1
Most Valuable Player,2023,NL,galleza01,1,420,0
Rookie of the Year,2021,AL,garciad02,27,150,3
Most Valuable Player,2023,AL,garciad02,14,420,0
Rookie of the Year,2021,AL,garcilu05,63,150,2
Cy Young Award,2021,NL,gausmke01,7,210,0
Most Valuable Player,2021,NL,gausmke01,1,420,0
Cy Young Award,2022,AL,gausmke01,1,210,0
Cy Young Award,2023,AL,gausmke01,82,210,0
Cy Young Award,2024,AL,gilbelo01,25,210,0
Rookie of the Year,2024,AL,gillu01,106,150,15
Rookie of the Year,2020,NL,gimenan01,1,150,0
Most Valuable Player,2022,AL,gimenan01,141,420,0
Cy Young Award,2019,AL,giolilu01,8,210,0
Cy Young Award,2020,AL,giolilu01,18,210,0
Cy Young Award,2021,AL,giolilu01,1,210,0
Most Valuable Player,2015,NL,goldspa01,234,420,0
Most Valuable Player,2016,NL,goldspa01,18,420,0
Most Valuable Player,2017,NL,goldspa01,239,420,4
Most Valuable Player,2018,NL,goldspa01,115,420,0
Most Valuable Player,2019,NL,goldspa01,2,420,0
Most Valuable Player,2020,NL,goldspa01,9,420,0
Most Valuable Player,2021,NL,goldspa01,128,420,0
Most Valuable Player,2022,NL,goldspa01,380,420,22
Rookie of the Year,2020,NL,gonsoto01,11,150,1
Most Valuable Player,2015,NL,gonzaad01,3,420,0
Cy Young Award,2017,NL,gonzagi01,18,210,0
Most Valuable Player,2017,AL,gonzama01,6,420,0
Most Valuable Player,2015,NL,gordode01,6,420,0
Rookie of the Year,2017,AL,gourryu01,5,150,0
Most Valuable Player,2015,NL,grandcu01,4,420,0
Most Valuable Player,2016,NL,grandya01,4,420,0
Most Valuable Player,2019,NL,grandya01,4,420,0
Rookie of the Year,2016,NL,grayjo02,1,150,0
Cy Young Award,2015,AL,grayso01,82,210,0
Cy Young Award,2019,NL,grayso01,4,210,0
Cy Young Award,2023,AL,grayso01,104,210,0
Most Valuable Player,2023,AL,grayso01,2,420,0
Cy Young Award,2024,NL,greenhu01,5,210,0
Most Valuable Player,2017,AL,gregodi01,4,420,0
Most Valuable Player,2018,AL,gregodi01,3,420,0
Cy Young Award,2015,NL,greinza01,147,210,10
Most Valuable Player,2015,NL,greinza01,130,420,0
Cy Young Award,2017,NL,greinza01,52,210,0
Most Valuable Player,2017,NL,greinza01,1,420,0
Rookie of the Year,2019,AL,guerrvl02,5,150,0
Most Valuable Player,2021,AL,guerrvl02,269,420,0
Most Valuable Player,2022,AL,guerrvl02,7,420,0
Most Valuable Player,2024,AL,guerrvl02,99,420,0
Rookie of the Year,2021,NL,gutievl01,1,150,0
Cy Young Award,2018,NL,haderjo01,4,210,0
Most Valuable Player,2018,AL,hanigmi01,16,420,0
Most Valuable Player,2021,AL,hanigmi01,1,420,0
Rookie of the Year,2017,NL,happia01,1,150,0
Most Valuable Player,2020,NL,happia01,1,420,0
Cy Young Award,2016,AL,happja01,14,210,0
Most Valuable Player,2015,NL,harpebr03,420,420,30
Most Valuable Player,2017,NL,harpebr03,21,420,0
Most Valuable Player,2021,NL,harpebr03,348,420,17
Most Valuable Player,2023,NL,harpebr03,36,420,0
Most Valuable Player,2024,NL,harpebr03,130,420,0
Most Valuable Player,2022,NL,harrimi04,9,420,0
Rookie of the Year,2022,NL,harrimi04,134,150,22
Rookie of the Year,2020,NL,hayeske01,5,150,0
Cy Young Award,2022,NL,helslry01,1,210,0
Cy Young Award,2024,NL,helslry01,4,210,0
Most Valuable Player,2023,AL,hendegu01,77,420,0
Rookie of the Year,2023,AL,hendegu01,150,150,30
Most Valuable Player,2024,AL,hendegu01,208,420,0
Cy Young Award,2016,NL,hendrky01,85,210,2
Most Valuable Player,2016,NL,hendrky01,2,420,0
Cy Young Award,2020,NL,hendrky01,2,210,0
Cy Young Award,2020,AL,hendrli01,5,210,0
Most Valuable Player,2020,AL,hendrli01,4,420,0
Cy Young Award,2021,AL,hendrli01,10,210,0
Cy Young Award,2015,AL,hernafe02,9,210,0
Most Valuable Player,2020,AL,hernate01,8,420,0
Most Valuable Player,2021,AL,hernate01,2,420,0
Most Valuable Player,2024,NL,hernate01,3,420,0
Most Valuable Player,2015,NL,heywaja01,15,420,0
Most Valuable Player,2018,AL,hicksaa01,1,420,0
Rookie of the Year,2018,NL,hiranyo01,1,150,0
Most Valuable Player,2024,AL,holtoty01,1,420,0
Rookie of the Year,2017,NL,hoskirh01,12,150,0
Most Valuable Player,2015,AL,hosmeer01,2,420,0
Most Valuable Player,2017,AL,hosmeer01,16,420,0
Rookie of the Year,2019,NL,hudsoda02,4,150,0
Cy Young Award,2021,AL,iglesra01,1,210,0
Cy Young Award,2024,NL,imanash01,38,210,0
Rookie of the Year,2024,NL,imanash01,4,150,0
Rookie of the Year,2021,NL,indiajo01,148,150,29
Cy Young Award,2017,NL,janseke01,22,210,0
Most Valuable Player,2017,NL,janseke01,8,420,0
Rookie of the Year,2020,AL,javiecr01,11,150,0
Rookie of the Year,2019,AL,jimenel02,20,150,0
Rookie of the Year,2023,NL,jonesno01,17,150,0
Most Valuable Player,2017,AL,judgeaa01,279,420,2
Rookie of the Year,2017,AL,judgeaa01,150,150,30
Most Valuable Player,2018,AL,judgeaa01,10,420,0
Most Valuable Player,2021,AL,judgeaa01,171,420,0
Most Valuable Player,2022,AL,judgeaa01,410,420,28
Most Valuable Player,2023,AL,judgeaa01,7,420,0
Most Valuable Player,2024,AL,judgeaa01,420,420,30
Rookie of the Year,2023,AL,julieed01,2,150,0
Rookie of the Year,2023,AL,jungjo01,16,150,0
Rookie of the Year,2015,NL,kangju01,28,150,0
Rookie of the Year,2020,AL,karinja01,5,150,0
Most Valuable Player,2019,AL,keplema01,2,420,0
Cy Young Award,2015,NL,kershcl01,101,210,3
Most Valuable Player,2015,NL,kershcl01,49,420,0
Cy Young Award,2016,NL,kershcl01,30,210,2
Cy Young Award,2017,NL,kershcl01,126,210,3
Most Valuable Player,2017,NL,kershcl01,6,420,0
Cy Young Award,2019,NL,kershcl01,3,210,0
Cy Young Award,2020,NL,kershcl01,2,210,0
Cy Young Award,2015,AL,keuchda01,186,210,22
Most Valuable Player,2015,AL,keuchda01,107,420,0
Cy Young Award,2020,AL,keuchda01,46,210,0
Most Valuable Player,2020,AL,keuchda01,1,420,0
Most Valuable Player,2015,AL,kiermke01,10,420,0
Cy Young Award,2024,AL,kikucyu01,1,210,0
Cy Young Award,2017,AL,kimbrcr01,27,210,0
Most Valuable Player,2023,NL,kimha01,5,420,0
Cy Young Award,2024,NL,kingmi01,14,210,0
Most Valuable Player,2015,AL,kinslia01,3,420,0
Most Valuable Player,2015,AL,kipnija01,17,420,0
Rookie of the Year,2022,AL,kirbyge01,1,150,0
Cy Young Award,2023,AL,kirbyge01,8,210,0
Cy Young Award,2015,AL,klubeco01,4,210,0
Cy Young Award,2016,AL,klubeco01,98,210,3
Most Valuable Player,2016,AL,klubeco01,1,420,0
Cy Young Award,2017,AL,klubeco01,204,210,28
Most Valuable Player,2017,AL,klubeco01,101,420,0
Cy Young Award,2018,AL,klubeco01,71,210,0
Rookie of the Year,2022,AL,kwanst01,44,150,0
Cy Young Award,2015,NL,lackejo01,1,210,0
Cy Young Award,2020,NL,lametdi01,57,210,0
Rookie of the Year,2024,AL,langfwy01,7,150,0
Most Valuable Player,2016,NL,lemahdj01,8,420,0
Most Valuable Player,2019,AL,lemahdj01,178,420,0
Most Valuable Player,2020,AL,lemahdj01,230,420,1
Cy Young Award,2016,NL,lestejo01,102,210,1
Cy Young Award,2018,NL,lestejo01,2,210,0
Most Valuable Player,2020,AL,lewisky01,1,420,0
Rookie of the Year,2020,AL,lewisky01,150,150,30
Rookie of the Year,2015,AL,lindofr01,109,150,13
Most Valuable Player,2016,AL,lindofr01,56,420,0
Most Valuable Player,2017,AL,lindofr01,143,420,0
Most Valuable Player,2018,AL,lindofr01,169,420,0
Most Valuable Player,2019,AL,lindofr01,13,420,0
Most Valuable Player,2022,NL,lindofr01,77,420,0
Most Valuable Player,2023,NL,lindofr01,52,420,0
Most Valuable Player,2024,NL,lindofr01,263,420,0
Rookie of the Year,2022,NL,lodolni01,2,150,0
Most Valuable Player,2016,AL,longoev01,1,420,0
Cy Young Award,2023,AL,lopezpa01,11,210,0
Cy Young Award,2024,NL,lopezre01,1,210,0
Rookie of the Year,2019,AL,lowebr01,27,150,0
Most Valuable Player,2020,AL,lowebr01,104,420,0
Most Valuable Player,2021,AL,lowebr01,34,420,0
Most Valuable Player,2018,AL,lowrije01,3,420,0
Cy Young Award,2024,AL,lugose01,93,210,0
Most Valuable Player,2024,AL,lugose01,1,420,0
Rookie of the Year,2020,AL,luzarje01,1,150,0
Cy Young Award,2019,AL,lynnla01,18,210,0
Cy Young Award,2020,AL,lynnla01,22,210,0
Cy Young Award,2021,AL,lynnla01,48,210,0
Most Valuable Player,2015,AL,machama01,158,420,0
Most Valuable Player,2016,AL,machama01,150,420,0
Most Valuable Player,2020,NL,machama01,221,420,0
Most Valuable Player,2021,NL,machama01,7,420,0
Most Valuable Player,2022,NL,machama01,291,420,7
Most Valuable Player,2024,NL,machama01,12,420,0
Rookie of the Year,2016,NL,maedake01,37,150,0
Cy Young Award,2020,AL,maedake01,92,210,0
Cy Young Award,2024,NL,manaese01,1,210,0
Rookie of the Year,2017,AL,mancitr01,31,150,0
Rookie of the Year,2021,AL,manoaal01,2,150,0
Cy Young Award,2022,AL,manoaal01,87,210,0
Most Valuable Player,2022,AL,manoaal01,5,420,0
Rookie of the Year,2017,NL,margoma01,5,150,0
Most Valuable Player,2018,NL,markani01,2,420,0
Rookie of the Year,2017,NL,marquge01,10,150,0
Most Valuable Player,2019,NL,marteke01,198,420,0
Most Valuable Player,2024,NL,marteke01,229,420,0
Most Valuable Player,2022,NL,martest01,1,420,0
Cy Young Award,2023,AL,martich02,1,210,0
Most Valuable Player,2015,AL,martijd02,18,420,0
Most Valuable Player,2017,NL,martijd02,11,420,0
Most Valuable Player,2018,AL,martijd02,198,420,1
Most Valuable Player,2019,AL,martijd02,1,420,0
Most Valuable Player,2015,AL,martiru01,2,420,0
Rookie of the Year,2016,NL,matzst01,1,150,0
Rookie of the Year,2020,NL,maydu01,8,150,0
Rookie of the Year,2016,AL,mazarno01,4,150,0
Most Valuable Player,2015,AL,mccanbr01,2,420,0
Rookie of the Year,2022,NL,mccarja02,4,150,0
Rookie of the Year,2021,AL,mcclash01,3,150,0
Cy Young Award,2022,AL,mcclash01,10,210,0
Cy Young Award,2021,AL,mcculla02,14,210,0
Most Valuable Player,2015,NL,mccutan01,139,420,0
Cy Young Award,2015,AL,mchugco01,5,210,0
Rookie of the Year,2023,NL,mclaima01,5,150,0
Rookie of the Year,2018,NL,mcneije01,1,150,0
Most Valuable Player,2022,NL,mcneije01,6,420,0
Most Valuable Player,2019,AL,meadoau01,15,420,0
Most Valuable Player,2021,AL,meadoau01,1,420,0
Rookie of the Year,2019,AL,meansjo01,53,150,0
Cy Young Award,2015,NL,melanma01,5,210,0
Rookie of the Year,2019,AL,mercaos01,3,150,0
Most Valuable Player,2024,NL,merrija01,57,420,0
Rookie of the Year,2024,NL,merrija01,104,150,7
Most Valuable Player,2018,AL,merriwh01,6,420,0
Cy Young Award,2018,NL,mikolmi01,13,210,0
Cy Young Award,2015,AL,millean01,3,210,0
Cy Young Award,2016,AL,millean01,3,210,0
Rookie of the Year,2024,AL,millema03,16,150,1
Cy Young Award,2019,AL,minormi01,7,210,0
Most Valuable Player,2016,NL,molinya01,2,420,0
Most Valuable Player,2019,AL,moncayo01,1,420,0
Cy Young Award,2021,AL,montafr01,21,210,0
Rookie of the Year,2017,AL,montgjo01,4,150,0
Most Valuable Player,2015,AL,moralke01,7,420,0
Cy Young Award,2019,AL,mortoch02,75,210,0
Most Valuable Player,2019,AL,mortoch02,1,420,0
Rookie of the Year,2020,AL,mountry01,1,150,0
Rookie of the Year,2021,AL,mountry01,10,150,0
Most Valuable Player,2015,AL,moustmi01,3,420,0
Most Valuable Player,2021,AL,mullice01,87,420,0
Most Valuable Player,2018,NL,muncyma01,8,420,0
Most Valuable Player,2019,NL,muncyma01,4,420,0
Most Valuable Player,2021,NL,muncyma01,38,420,0
Most Valuable Player,2016,NL,murphda08,245,420,1
Most Valuable Player,2017,NL,murphda08,3,420,0
Rookie of the Year,2020,AL,murphse01,7,150,0
Most Valuable Player,2022,AL,murphse01,1,420,0
Most Valuable Player,2020,NL,myerswi01,2,420,0
Rookie of the Year,2016,AL,naquity01,20,150,0
Most Valuable Player,2023,AL,naylojo01,1,420,0
Cy Young Award,2017,NL,nelsoji02,1,210,0
Cy Young Award,2018,NL,nolaaa01,86,210,0
Most Valuable Player,2018,NL,nolaaa01,16,420,0
Cy Young Award,2020,NL,nolaaa01,3,210,0
Cy Young Award,2022,NL,nolaaa01,48,210,0
Cy Young Award,2024,NL,nolaaa01,1,210,0
Rookie of the Year,2016,NL,ohse01,1,150,0
Rookie of the Year,2018,AL,ohtansh01,137,150,25
Most Valuable Player,2021,AL,ohtansh01,420,420,30
Cy Young Award,2022,AL,ohtansh01,82,210,0
Most Valuable Player,2022,AL,ohtansh01,280,420,2
Most Valuable Player,2023,AL,ohtansh01,420,420,30
Most Valuable Player,2024,NL,ohtansh01,420,420,30
Rookie of the Year,2017,AL,olsonma02,5,150,0
Most Valuable Player,2019,AL,olsonma02,1,420,0
Most Valuable Player,2021,AL,olsonma02,90,420,0
Most Valuable Player,2023,NL,olsonma02,223,420,0
Most Valuable Player,2021,NL,oneilty01,62,420,0
Most Valuable Player,2015,AL,ortizda01,1,420,0
Most Valuable Player,2016,AL,ortizda01,147,420,1
Rookie of the Year,2015,AL,osunaro01,8,150,0
Rookie of the Year,2023,NL,outmaja01,20,150,0
Most Valuable Player,2017,NL,ozunama01,8,420,0
Most Valuable Player,2020,NL,ozunama01,167,420,0
Most Valuable Player,2023,NL,ozunama01,2,420,0
Most Valuable Player,2024,NL,ozunama01,134,420,0
Rookie of the Year,2018,AL,palkada01,1,150,0
Most Valuable Player,2023,AL,paredis01,2,420,0
Rookie of the Year,2015,NL,pederjo01,1,150,0
Rookie of the Year,2022,AL,penaje02,2,150,0
Rookie of the Year,2023,NL,perezeu02,1,150,0
Most Valuable Player,2020,AL,perezsa02,1,420,0
Most Valuable Player,2021,AL,perezsa02,103,420,0
Most Valuable Player,2017,NL,phamth01,24,420,0
Most Valuable Player,2019,NL,pillake01,1,420,0
Rookie of the Year,2015,NL,piscost01,1,150,0
Most Valuable Player,2019,AL,polanjo01,20,420,0
Most Valuable Player,2015,NL,polloaj01,21,420,0
Cy Young Award,2016,AL,porceri01,137,210,8
Most Valuable Player,2015,NL,poseybu01,84,420,0
Most Valuable Player,2016,NL,poseybu01,11,420,0
Most Valuable Player,2021,NL,poseybu01,1,420,0
Cy Young Award,2015,AL,priceda01,143,210,8
Most Valuable Player,2015,AL,priceda01,62,420,0
Most Valuable Player,2024,NL,profaju01,23,420,0
Cy Young Award,2016,AL,quintjo01,1,210,0
Cy Young Award,2024,AL,raganco01,48,210,0
Most Valuable Player,2023,AL,raleica01,2,420,0
Most Valuable Player,2024,AL,raleica01,12,420,0
Most Valuable Player,2016,AL,ramirjo01,2,420,0
Most Valuable Player,2017,AL,ramirjo01,237,420,1
Most Valuable Player,2018,AL,ramirjo01,208,420,0
Most Valuable Player,2020,AL,ramirjo01,303,420,8
Most Valuable Player,2021,AL,ramirjo01,133,420,0
Most Valuable Player,2022,AL,ramirjo01,186,420,0
Most Valuable Player,2023,AL,ramirjo01,40,420,0
Most Valuable Player,2024,AL,ramirjo01,184,420,0
Most Valuable Player,2016,NL,ramoswi01,6,420,0
Cy Young Award,2017,NL,rayro02,6,210,0
Cy Young Award,2021,AL,rayro02,207,210,29
Most Valuable Player,2021,AL,rayro02,4,420,0
Most Valuable Player,2019,NL,realmjt01,8,420,0
Most Valuable Player,2022,NL,realmjt01,98,420,0
Most Valuable Player,2017,NL,rendoan01,141,420,0
Most Valuable Player,2018,NL,rendoan01,21,420,0
Most Valuable Player,2019,NL,rendoan01,242,420,1
Most Valuable Player,2020,AL,rendoan01,42,420,0
Rookie of the Year,2019,NL,reynobr01,9,150,0
Most Valuable Player,2021,NL,reynobr01,33,420,0
Most Valuable Player,2021,NL,rileyau01,111,420,0
Most Valuable Player,2022,NL,rileyau01,116,420,0
Most Valuable Player,2023,NL,rileyau01,68,420,0
Most Valuable Player,2015,NL,rizzoan01,162,420,0
Most Valuable Player,2016,NL,rizzoan01,202,420,0
Most Valuable Player,2017,NL,rizzoan01,17,420,0
Most Valuable Player,2018,NL,rizzoan01,6,420,0
Cy Young Award,2016,NL,roarkta01,1,210,0
Rookie of the Year,2020,AL,roberlu01,83,150,0
Most Valuable Player,2023,AL,roberlu01,21,420,0
Rookie of the Year,2019,NL,roblevi01,1,150,0
Cy Young Award,2021,AL,rodonca01,34,210,0
Cy Young Award,2022,NL,rodonca01,30,210,0
Most Valuable Player,2015,AL,rodrial01,1,420,0
Cy Young Award,2019,AL,rodried05,8,210,0
Most Valuable Player,2022,AL,rodriju01,108,420,0
Rookie of the Year,2022,AL,rodriju01,148,150,29
Most Valuable Player,2023,AL,rodriju01,197,420,0
Rookie of the Year,2021,NL,rogertr01,86,150,1
Most Valuable Player,2024,AL,rookebr01,40,420,0
Rookie of the Year,2015,AL,rosared01,2,150,0
Most Valuable Player,2019,AL,rosared01,6,420,0
Most Valuable Player,2020,AL,rosared01,1,420,0
Most Valuable Player,2015,NL,rosentr01,5,420,0
Most Valuable Player,2016,NL,russead02,5,420,0
Most Valuable Player,2022,AL,rutscad01,14,420,0
Rookie of the Year,2022,AL,rutscad01,68,150,1
Most Valuable Player,2023,AL,rutscad01,50,420,0
Cy Young Award,2019,NL,ryuhy01,88,210,1
Most Valuable Player,2019,NL,ryuhy01,3,420,0
Cy Young Award,2020,AL,ryuhy01,51,210,0
Most Valuable Player,2020,AL,ryuhy01,4,420,0
Cy Young Award,2015,AL,salech01,30,210,0
Most Valuable Player,2015,AL,salech01,4,420,0
Cy Young Award,2016,AL,salech01,40,210,0
Most Valuable Player,2016,AL,salech01,3,420,0
Cy Young Award,2017,AL,salech01,126,210,2
Most Valuable Player,2017,AL,salech01,56,420,0
Cy Young Award,2018,AL,salech01,59,210,0
Most Valuable Player,2018,AL,salech01,1,420,0
Cy Young Award,2024,NL,salech01,198,210,26
Most Valuable Player,2024,NL,salech01,99,420,0
Cy Young Award,2016,AL,sanchaa01,6,210,0
Cy Young Award,2024,NL,sanchcr01,2,210,0
Rookie of the Year,2016,AL,sanchga02,91,150,4
Most Valuable Player,2017,AL,sanchga02,1,420,0
Rookie of the Year,2020,NL,sanchsi01,1,150,0
Rookie of the Year,2015,AL,sanomi01,20,150,0
Most Valuable Player,2024,AL,santaan02,4,420,0
Most Valuable Player,2019,AL,santaca01,9,420,0
Cy Young Award,2017,AL,santaer01,3,210,0
Cy Young Award,2015,NL,scherma01,32,210,0
Cy Young Award,2016,NL,scherma01,192,210,25
Most Valuable Player,2016,NL,scherma01,39,420,0
Cy Young Award,2017,NL,scherma01,201,210,27
Most Valuable Player,2017,NL,scherma01,34,420,0
Cy Young Award,2018,NL,scherma01,123,210,1
Most Valuable Player,2018,NL,scherma01,59,420,0
Cy Young Award,2019,NL,scherma01,72,210,0
Most Valuable Player,2019,NL,scherma01,1,420,0
Cy Young Award,2021,NL,scherma01,113,210,6
Most Valuable Player,2021,NL,scherma01,11,420,0
Most Valuable Player,2017,AL,schoojo01,19,420,0
Most Valuable Player,2022,NL,schwaky01,2,420,0
Most Valuable Player,2023,NL,schwaky01,2,420,0
Most Valuable Player,2024,NL,schwaky01,15,420,0
Rookie of the Year,2021,NL,schwifr01,2,150,0
Most Valuable Player,2016,NL,seageco01,240,420,0
Rookie of the Year,2016,NL,seageco01,150,150,30
Most Valuable Player,2017,NL,seageco01,6,420,0
Most Valuable Player,2020,NL,seageco01,43,420,0
Most Valuable Player,2023,AL,seageco01,264,420,0
Most Valuable Player,2024,AL,seageco01,1,420,0
Most Valuable Player,2016,AL,seageky01,10,420,0
Most Valuable Player,2016,NL,segurje01,14,420,0
Most Valuable Player,2019,AL,semiema01,228,420,0
Most Valuable Player,2021,AL,semiema01,232,420,0
Most Valuable Player,2023,AL,semiema01,216,420,0
Cy Young Award,2023,NL,sengako01,16,210,0
Rookie of the Year,2023,NL,sengako01,71,150,0
Cy Young Award,2017,AL,severlu01,73,210,0
Cy Young Award,2018,AL,severlu01,1,210,0
Most Valuable Player,2017,AL,simmoan01,60,420,0
Most Valuable Player,2018,AL,simmoan01,7,420,0
Rookie of the Year,2020,AL,singebr01,1,150,0
Cy Young Award,2024,NL,skenepa01,53,210,0
Most Valuable Player,2024,NL,skenepa01,3,420,0
Rookie of the Year,2024,NL,skenepa01,136,150,23
Cy Young Award,2024,AL,skubata01,210,210,30
Most Valuable Player,2024,AL,skubata01,93,420,0
Cy Young Award,2024,AL,smithca05,1,210,0
Rookie of the Year,2024,AL,smithca05,12,150,1
Most Valuable Player,2020,NL,smithdo02,16,420,0
Cy Young Award,2018,AL,snellbl01,169,210,17
Most Valuable Player,2018,AL,snellbl01,38,420,0
Cy Young Award,2023,NL,snellbl01,204,210,28
Most Valuable Player,2023,NL,snellbl01,16,420,0
Most Valuable Player,2019,AL,solerjo01,1,420,0
Cy Young Award,2019,NL,sorokmi01,9,210,0
Rookie of the Year,2019,NL,sorokmi01,82,150,1
Rookie of the Year,2018,NL,sotoju01,89,150,2
Most Valuable Player,2019,NL,sotoju01,45,420,0
Most Valuable Player,2020,NL,sotoju01,172,420,0
Most Valuable Player,2021,NL,sotoju01,274,420,6
Most Valuable Player,2023,NL,sotoju01,106,420,0
Most Valuable Player,2024,AL,sotoju01,229,420,0
Most Valuable Player,2017,AL,springe01,17,420,0
Most Valuable Player,2019,AL,springe01,69,420,0
Most Valuable Player,2020,AL,springe01,4,420,0
Most Valuable Player,2017,NL,stantmi03,302,420,10
Most Valuable Player,2018,AL,stantmi03,4,420,0
Cy Young Award,2023,NL,steelju01,31,210,0
Rookie of the Year,2023,NL,steersp01,4,150,0
Rookie of the Year,2021,NL,stephty01,2,150,0
Rookie of the Year,2016,NL,storytr01,24,150,0
Most Valuable Player,2018,NL,storytr01,108,420,0
Most Valuable Player,2019,NL,storytr01,26,420,0
Most Valuable Player,2020,NL,storytr01,23,420,0
Cy Young Award,2017,NL,strasst01,81,210,0
Cy Young Award,2019,NL,strasst01,53,210,0
Most Valuable Player,2019,NL,strasst01,4,420,0
Rookie of the Year,2022,NL,stridsp01,103,150,8
Cy Young Award,2023,NL,stridsp01,64,210,0
Cy Young Award,2017,AL,stromma01,2,210,0
Most Valuable Player,2018,NL,suareeu01,2,420,0
Most Valuable Player,2019,NL,suareeu01,4,420,0
Most Valuable Player,2020,NL,swansda01,1,420,0
Most Valuable Player,2022,NL,swansda01,23,420,0
Most Valuable Player,2023,NL,swansda01,2,420,0
Rookie of the Year,2015,NL,syndeno01,16,150,0
Cy Young Award,2016,NL,syndeno01,15,210,0
Most Valuable Player,2016,NL,syndeno01,5,420,0
Cy Young Award,2016,AL,tanakma01,6,210,0
Rookie of the Year,2019,NL,tatisfe02,26,150,0
Most Valuable Player,2020,NL,tatisfe02,201,420,0
Most Valuable Player,2021,NL,tatisfe02,244,420,2
Most Valuable Player,2023,NL,tatisfe02,5,420,0
Most Valuable Player,2015,AL,teixema01,1,420,0
Most Valuable Player,2020,NL,teperry01,1,420,0
Cy Young Award,2015,AL,tollesh01,3,210,0
Rookie of the Year,2018,AL,torregl01,25,150,0
Most Valuable Player,2019,AL,torregl01,8,420,0
Most Valuable Player,2024,NL,tovarez01,3,420,0
Cy Young Award,2018,AL,treinbl01,13,210,0
Most Valuable Player,2018,AL,treinbl01,7,420,0
Most Valuable Player,2015,AL,troutmi01,304,420,7
Most Valuable Player,2016,AL,troutmi01,356,420,19
Most Valuable Player,2017,AL,troutmi01,197,420,0
Most Valuable Player,2018,AL,troutmi01,265,420,1
Most Valuable Player,2019,AL,troutmi01,355,420,17
Most Valuable Player,2020,AL,troutmi01,172,420,0
Most Valuable Player,2022,AL,troutmi01,90,420,0
Most Valuable Player,2021,AL,tuckeky01,1,420,0
Most Valuable Player,2022,AL,tuckeky01,8,420,0
Most Valuable Player,2023,AL,tuckeky01,178,420,0
Most Valuable Player,2016,NL,turneju01,44,420,0
Most Valuable Player,2017,NL,turneju01,43,420,0
Most Valuable Player,2018,NL,turneju01,10,420,0
Rookie of the Year,2016,NL,turnetr01,42,150,0
Most Valuable Player,2020,NL,turnetr01,83,420,0
Most Valuable Player,2021,NL,turnetr01,185,420,1
Most Valuable Player,2022,NL,turnetr01,29,420,0
Most Valuable Player,2017,AL,uptonju01,12,420,0
Cy Young Award,2021,NL,uriasju01,3,210,0
Cy Young Award,2022,NL,uriasju01,66,210,0
Most Valuable Player,2022,NL,uriasju01,8,420,0
Cy Young Award,2020,AL,valdefr01,1,210,0
Cy Young Award,2022,AL,valdefr01,14,210,0
Most Valuable Player,2022,AL,valdefr01,2,420,0
Cy Young Award,2023,AL,valdefr01,6,210,0
Cy Young Award,2024,AL,valdefr01,17,210,0
Most Valuable Player,2024,AL,valdefr01,1,420,0
Most Valuable Player,2020,AL,verdual01,6,420,0
Cy Young Award,2016,AL,verlaju01,132,210,14
Most Valuable Player,2016,AL,verlaju01,2,420,0
Cy Young Award,2017,AL,verlaju01,32,210,0
Cy Young Award,2018,AL,verlaju01,154,210,13
Most Valuable Player,2018,AL,verlaju01,26,420,0
Cy Young Award,2019,AL,verlaju01,171,210,17
Most Valuable Player,2019,AL,verlaju01,56,420,0
Cy Young Award,2022,AL,verlaju01,210,210,30
Most Valuable Player,2022,AL,verlaju01,44,420,0
Most Valuable Player,2020,AL,voitlu01,85,420,0
Rookie of the Year,2023,AL,volpean01,1,150,0
Most Valuable Player,2015,NL,vottojo01,175,420,0
Most Valuable Player,2016,NL,vottojo01,100,420,0
Most Valuable Player,2017,NL,vottojo01,300,420,10
Most Valuable Player,2021,NL,vottojo01,8,420,0
Most Valuable Player,2021,NL,wadela01,1,420,0
Cy Young Award,2021,NL,wainwad01,3,210,0
Most Valuable Player,2021,NL,wainwad01,3,420,0
Most Valuable Player,2023,NL,walkech02,1,420,0
Rookie of the Year,2020,AL,walshja01,4,150,0
Cy Young Award,2022,NL,webblo01,2,210,0
Cy Young Award,2023,NL,webblo01,86,210,1
Most Valuable Player,2023,NL,webblo01,3,420,0
Cy Young Award,2024,NL,webblo01,18,210,0
Rookie of the Year,2024,AL,wellsau01,17,150,0
Rookie of the Year,2018,AL,wendljo01,17,150,0
Cy Young Award,2020,NL,wheelza01,1,210,0
Cy Young Award,2021,NL,wheelza01,141,210,12
Most Valuable Player,2021,NL,wheelza01,6,420,0
Cy Young Award,2023,NL,wheelza01,28,210,0
Cy Young Award,2024,NL,wheelza01,130,210,4
Most Valuable Player,2024,NL,wheelza01,31,420,0
Cy Young Award,2020,NL,willide03,3,210,0
Most Valuable Player,2020,NL,willide03,1,420,0
Rookie of the Year,2020,NL,willide03,95,150,14
Most Valuable Player,2023,NL,willide03,2,420,0
Rookie of the Year,2021,NL,wisdopa01,5,150,0
Rookie of the Year,2022,AL,wittbo02,7,150,0
Most Valuable Player,2023,AL,wittbo02,83,420,0
Most Valuable Player,2024,AL,wittbo02,270,420,0
Most Valuable Player,2019,NL,wongko01,2,420,0
Cy Young Award,2017,NL,woodal02,1,210,0
Cy Young Award,2021,NL,woodrbr01,21,210,0
Cy Young Award,2022,NL,wrighky01,3,210,0
Rookie of the Year,2018,AL,yarbrry01,1,150,0
Most Valuable Player,2020,NL,yastrmi01,81,420,0
Cy Young Award,2019,NL,yateski01,2,210,0
Cy Young Award,2024,AL,yateski01,2,210,0
Most Valuable Player,2016,NL,yelicch01,5,420,0
Most Valuable Player,2018,NL,yelicch01,415,420,29
Most Valuable Player,2019,NL,yelicch01,317,420,10
Rookie of the Year,2023,AL,yoshima02,3,150,0
Most Valuable Player,2017,NL,zimmery01,1,420,0
Most Valuable Player,2021,AL,zuninmi01,1,420,0
