yearkey,leaguekey,teamkey,parkkey,spanfirst,spanlast,games,openings,attendance
2015,NL,ARI,PHO01,2015-04-06,2015-10-04,81,81,2080145
2016,NL,ARI,PHO01,2016-04-04,2016-10-02,81,81,2036216
2017,NL,ARI,PHO01,2017-04-02,2017-09-27,81,81,2134375
2018,NL,ARI,PHO01,2018-03-29,2018-09-26,81,81,2242695
2019,NL,ARI,PHO01,2019-04-05,2019-09-29,81,81,2135510
2020,NL,ARI,PHO01,2020-07-30,2020-09-27,30,0,0
2021,NL,ARI,PHO01,2021-04-09,2021-10-03,81,81,1043010
2022,NL,ARI,PHO01,2022-04-07,2022-09-25,81,81,1605199
2023,NL,ARI,PHO01,2023-04-06,2023-10-01,81,81,1961182
2024,NL,ARI,PHO01,2024-03-28,2024-09-29,81,81,2341876
2015,NL,ATL,ATL02,2015-04-10,2015-10-04,81,80,2001392
2016,NL,ATL,ATL02,2016-04-04,2016-10-02,80,80,2008332
2016,NL,ATL,FTB01,2016-07-03,2016-07-03,1,1,12582
2017,NL,ATL,ATL03,2017-04-14,2017-09-24,81,81,2505252
2018,NL,ATL,ATL03,2018-03-29,2018-09-23,81,81,2555781
2019,NL,ATL,ATL03,2019-04-01,2019-09-22,81,81,2654920
2020,NL,ATL,ATL03,2020-07-29,2020-09-27,30,0,0
2021,NL,ATL,ATL03,2021-04-09,2021-10-03,80,79,2299646
2022,NL,ATL,ATL03,2022-04-07,2022-10-02,81,81,3129931
2023,NL,ATL,ATL03,2023-04-06,2023-10-01,81,81,3191505
2024,NL,ATL,ATL03,2024-04-05,2024-09-30,81,80,3011755
2015,AL,BAL,BAL12,2015-04-10,2015-10-04,78,75,2281202
2016,AL,BAL,BAL12,2016-04-04,2016-09-25,81,81,2172344
2017,AL,BAL,BAL12,2017-04-03,2017-09-24,81,81,2028424
2018,AL,BAL,BAL12,2018-03-29,2018-09-30,81,78,1564192
2019,AL,BAL,BAL12,2019-04-04,2019-09-22,81,80,1307807
2020,AL,BAL,BAL12,2020-07-29,2020-09-20,33,0,0
2021,AL,BAL,BAL12,2021-04-08,2021-09-30,81,78,793229
2022,AL,BAL,BAL12,2022-04-11,2022-10-05,81,78,1368367
2023,AL,BAL,BAL12,2023-04-07,2023-10-01,81,81,1936798
2024,AL,BAL,BAL12,2024-03-28,2024-09-22,81,80,2281129
2015,AL,BOS,BOS07,2015-04-13,2015-09-27,81,81,2880694
2016,AL,BOS,BOS07,2016-04-11,2016-10-02,81,81,2955434
2017,AL,BOS,BOS07,2017-04-03,2017-10-01,81,81,2917678
2018,AL,BOS,BOS07,2018-04-05,2018-09-30,81,81,2895575
2019,AL,BOS,BOS07,2019-04-09,2019-09-29,79,79,2796784
2019,AL,BOS,LON01,2019-06-29,2019-06-30,2,2,118718
2020,AL,BOS,BOS07,2020-07-24,2020-09-24,31,0,0
2021,AL,BOS,BOS07,2021-04-02,2021-09-26,81,81,1725323
2022,AL,BOS,BOS07,2022-04-15,2022-10-05,81,81,2625089
2023,AL,BOS,BOS07,2023-03-30,2023-09-27,81,81,2672130
2024,AL,BOS,BOS07,2024-04-09,2024-09-29,81,81,2659949
2015,AL,CHA,CHI12,2015-04-10,2015-10-04,81,80,1755810
2016,AL,CHA,CHI12,2016-04-08,2016-10-02,81,80,1746293
2017,AL,CHA,CHI12,2017-04-04,2017-09-28,81,79,1629470
2018,AL,CHA,CHI12,2018-04-05,2018-09-26,81,80,1608817
2019,AL,CHA,CHI12,2019-04-05,2019-09-29,80,77,1649775
2020,AL,CHA,CHI12,2020-07-24,2020-09-27,30,0,0
2021,AL,CHA,CHI12,2021-04-08,2021-10-03,80,77,1588553
2021,AL,CHA,DYE01,2021-08-12,2021-08-12,1,1,7832
2022,AL,CHA,CHI12,2022-04-12,2022-10-05,81,81,2009359
2023,AL,CHA,CHI12,2023-04-03,2023-10-01,81,78,1669628
2024,AL,CHA,CHI12,2024-03-28,2024-09-26,81,77,1380733
2015,NL,CHN,CHI11,2015-04-05,2015-09-28,81,81,2959812
2016,NL,CHN,CHI11,2016-04-11,2016-09-25,81,81,3232420
2017,NL,CHN,CHI11,2017-04-10,2017-10-01,81,81,3199562
2018,NL,CHN,CHI11,2018-04-10,2018-10-01,82,82,3181089
2019,NL,CHN,CHI11,2019-04-08,2019-09-22,81,81,3094865
2020,NL,CHN,CHI11,2020-07-24,2020-09-20,33,0,0
2021,NL,CHN,CHI11,2021-04-01,2021-09-26,81,81,1978934
2022,NL,CHN,CHI11,2022-04-07,2022-10-02,81,81,2616780
2023,NL,CHN,CHI11,2023-03-30,2023-09-24,81,81,2775149
2024,NL,CHN,CHI11,2024-04-01,2024-09-29,81,81,2909794
2015,NL,CIN,CIN09,2015-04-06,2015-10-01,81,81,2419506
2016,NL,CIN,CIN09,2016-04-04,2016-10-02,81,81,1894085
2017,NL,CIN,CIN09,2017-04-03,2017-09-24,81,81,1836917
2018,NL,CIN,CIN09,2018-03-30,2018-09-30,81,81,1629356
2019,NL,CIN,CIN09,2019-03-28,2019-09-26,79,79,1775396
2019,NL,CIN,MNT01,2019-04-13,2019-04-14,2,2,33679
2020,NL,CIN,CIN09,2020-07-24,2020-09-23,29,0,0
2021,NL,CIN,CIN09,2021-04-01,2021-09-27,81,81,1505024
2022,NL,CIN,CIN09,2022-04-12,2022-10-05,80,79,1387947
2022,NL,CIN,DYE01,2022-08-11,2022-08-11,1,1,7823
2023,NL,CIN,CIN09,2023-03-30,2023-09-24,81,81,2038302
2024,NL,CIN,CIN09,2024-03-28,2024-09-22,81,81,2024178
2015,AL,CLE,CLE08,2015-04-10,2015-10-04,80,78,1388905
2016,AL,CLE,CLE08,2016-04-05,2016-09-25,81,81,1591667
2017,AL,CLE,CLE08,2017-04-11,2017-10-01,81,81,2048138
2018,AL,CLE,CLE08,2018-04-06,2018-09-23,81,80,1926701
2019,AL,CLE,CLE08,2019-04-01,2019-09-22,81,79,1738642
2020,AL,CLE,CLE08,2020-07-24,2020-09-27,30,0,0
2021,AL,CLE,CLE08,2021-04-05,2021-09-27,80,76,1112536
2021,AL,CLE,WIL02,2021-08-22,2021-08-22,1,1,1832
2022,AL,CLE,CLE08,2022-04-15,2022-10-05,81,76,1295870
2023,AL,CLE,CLE08,2023-04-07,2023-09-27,81,78,1834068
2024,AL,CLE,CLE08,2024-04-08,2024-09-28,80,79,2056264
2015,NL,COL,DEN02,2015-04-10,2015-09-27,81,80,2506789
2016,NL,COL,DEN02,2016-04-08,2016-10-02,81,81,2602524
2017,NL,COL,DEN02,2017-04-07,2017-10-01,81,81,2953650
2018,NL,COL,DEN02,2018-04-06,2018-09-30,81,81,3015880
2019,NL,COL,DEN02,2019-04-05,2019-09-29,81,81,2993244
2020,NL,COL,DEN02,2020-07-31,2020-09-20,30,0,0
2021,NL,COL,DEN02,2021-04-01,2021-09-29,81,78,1938645
2022,NL,COL,DEN02,2022-04-08,2022-09-25,81,80,2597428
2023,NL,COL,DEN02,2023-04-06,2023-10-01,81,81,2607935
2024,NL,COL,DEN02,2024-04-05,2024-09-29,79,79,2500420
2024,NL,COL,MEX02,2024-04-27,2024-04-28,2,2,39775
2015,AL,DET,DET05,2015-04-06,2015-09-27,81,81,2726048
2016,AL,DET,DET05,2016-04-08,2016-09-28,80,80,2493859
2017,AL,DET,DET05,2017-04-07,2017-09-24,81,81,2321599
2018,AL,DET,DET05,2018-03-30,2018-09-23,81,80,1856970
2019,AL,DET,DET05,2019-04-04,2019-09-26,81,80,1501430
2020,AL,DET,DET05,2020-07-27,2020-09-20,27,0,0
2021,AL,DET,DET05,2021-04-01,2021-09-27,81,81,1102621
2022,AL,DET,DET05,2022-04-08,2022-10-02,82,80,1575544
2023,AL,DET,DET05,2023-04-06,2023-10-01,81,77,1612876
2024,AL,DET,WIL02,2024-08-18,2024-08-18,1,1,2532
2024,AL,DET,DET05,2024-04-05,2024-09-29,80,77,1855763
2015,AL,HOU,HOU03,2015-04-06,2015-09-27,81,81,2153585
2016,AL,HOU,HOU03,2016-04-11,2016-09-28,81,81,2306623
2017,AL,HOU,HOU03,2017-04-03,2017-09-24,78,78,2390678
2017,AL,HOU,STP01,2017-08-29,2017-08-31,3,3,12993
2018,AL,HOU,HOU03,2018-04-02,2018-09-23,81,81,2980549
2019,AL,HOU,HOU03,2019-04-05,2019-09-22,81,81,2857367
2020,AL,HOU,HOU03,2020-07-24,2020-09-20,28,0,0
2021,AL,HOU,HOU03,2021-04-08,2021-10-03,81,81,2068509
2022,AL,HOU,HOU03,2022-04-18,2022-10-05,81,81,2688998
2023,AL,HOU,HOU03,2023-03-30,2023-09-24,81,81,3052347
2024,AL,HOU,HOU03,2024-03-28,2024-09-25,81,81,2835234
2015,AL,KCA,KAN06,2015-04-06,2015-09-27,81,81,2708549
2016,AL,KCA,KAN06,2016-04-03,2016-10-02,81,81,2557712
2017,AL,KCA,KAN06,2017-04-10,2017-10-01,81,80,2220370
2018,AL,KCA,KAN06,2018-03-29,2018-09-30,81,81,1665107
2019,AL,KCA,KAN06,2019-03-28,2019-09-29,80,79,1454205
2019,AL,KCA,OMA01,2019-06-13,2019-06-13,1,1,25454
2020,AL,KCA,KAN06,2020-07-31,2020-09-27,30,0,0
2021,AL,KCA,KAN06,2021-04-01,2021-10-03,81,81,1159613
2022,AL,KCA,KAN06,2022-04-07,2022-09-25,81,80,1277686
2023,AL,KCA,KAN06,2023-03-30,2023-10-01,81,81,1307052
2024,AL,KCA,KAN06,2024-03-28,2024-09-22,81,81,1658347
2015,AL,LAA,ANA01,2015-04-10,2015-09-30,81,81,3012765
2016,AL,LAA,ANA01,2016-04-04,2016-10-02,81,81,3016142
2017,AL,LAA,ANA01,2017-04-07,2017-10-01,81,81,3019585
2018,AL,LAA,ANA01,2018-04-02,2018-09-30,81,81,3020216
2019,AL,LAA,ANA01,2019-04-04,2019-09-29,79,79,2987221
2019,AL,LAA,MNT01,2019-05-04,2019-05-05,2,2,35791
2020,AL,LAA,ANA01,2020-07-28,2020-09-21,31,0,0
2021,AL,LAA,ANA01,2021-04-01,2021-09-26,82,82,1515689
2022,AL,LAA,ANA01,2022-04-07,2022-10-02,81,81,2457461
2023,AL,LAA,ANA01,2023-04-07,2023-10-01,81,81,2640575
2024,AL,LAA,ANA01,2024-04-05,2024-09-29,81,81,2577597
2015,NL,LAN,LOS03,2015-04-06,2015-10-04,81,81,3764815
2016,NL,LAN,LOS03,2016-04-12,2016-09-25,81,81,3703312
2017,NL,LAN,LOS03,2017-04-03,2017-09-27,81,81,3765856
2018,NL,LAN,LOS03,2018-03-29,2018-10-01,82,82,3857500
2019,NL,LAN,LOS03,2019-03-28,2019-09-22,81,81,3974309
2020,NL,LAN,LOS03,2020-07-23,2020-09-27,30,0,0
2021,NL,LAN,LOS03,2021-04-09,2021-10-03,81,81,2804693
2022,NL,LAN,LOS03,2022-04-14,2022-10-05,81,81,3861408
2023,NL,LAN,LOS03,2023-03-30,2023-09-24,81,81,3837079
2024,NL,LAN,SEO01,2024-03-21,2024-03-21,1,1,15928
2024,NL,LAN,LOS03,2024-03-28,2024-09-26,80,80,3925323
2015,NL,MIA,MIA02,2015-04-06,2015-09-27,81,81,1752235
2016,NL,MIA,MIA02,2016-04-05,2016-09-28,80,80,1712417
2017,NL,MIA,MIA02,2017-04-11,2017-10-01,78,78,1583014
2018,NL,MIA,MIA02,2018-03-29,2018-09-23,81,81,811104
2019,NL,MIA,MIA02,2019-03-28,2019-09-22,81,81,811302
2020,NL,MIA,MIA02,2020-08-14,2020-09-20,26,0,0
2021,NL,MIA,MIA02,2021-04-01,2021-10-03,81,81,642617
2022,NL,MIA,MIA02,2022-04-14,2022-10-05,81,81,907487
2023,NL,MIA,MIA02,2023-03-30,2023-09-24,81,81,1162819
2024,NL,MIA,MIA02,2024-03-28,2024-09-22,81,81,1087455
2015,NL,MIL,MIL06,2015-04-06,2015-10-04,81,81,2542558
2016,NL,MIL,MIL06,2016-04-04,2016-09-25,81,81,2315244
2017,NL,MIL,MIL06,2017-04-03,2017-09-28,84,84,2627705
2018,NL,MIL,MIL06,2018-04-02,2018-09-30,81,81,2850875
2019,NL,MIL,MIL06,2019-03-28,2019-09-22,81,81,2923333
2020,NL,MIL,MIL06,2020-08-03,2020-09-20,29,0,0
2021,NL,MIL,MIL06,2021-04-01,2021-09-26,81,81,1824282
2022,NL,MIL,MIL06,2022-04-14,2022-10-05,81,80,2422420
2023,NL,MIL,MIL06,2023-04-03,2023-10-01,81,81,2551347
2024,NL,MIL,MIL06,2024-04-02,2024-09-29,81,81,2537202
2015,AL,MIN,MIN04,2015-04-13,2015-10-04,81,81,2220054
2016,AL,MIN,MIN04,2016-04-11,2016-09-25,81,81,1963912
2017,AL,MIN,MIN04,2017-04-03,2017-10-01,81,80,2051279
2018,AL,MIN,MIN04,2018-04-05,2018-09-30,79,78,1920144
2018,AL,MIN,SJU01,2018-04-17,2018-04-18,2,2,39053
2019,AL,MIN,MIN04,2019-03-28,2019-09-22,81,81,2303299
2020,AL,MIN,MIN04,2020-07-28,2020-09-27,31,0,0
2021,AL,MIN,MIN04,2021-04-08,2021-09-30,81,80,1310199
2022,AL,MIN,MIN04,2022-04-08,2022-09-29,81,80,1801128
2023,AL,MIN,MIN04,2023-04-07,2023-09-28,81,81,1974124
2024,AL,MIN,MIN04,2024-04-04,2024-09-29,81,81,1951616
2015,AL,NYA,NYC21,2015-04-06,2015-10-01,81,80,3193795
2016,AL,NYA,NYC21,2016-04-05,2016-10-02,81,81,3063405
2017,AL,NYA,NYC21,2017-04-10,2017-10-01,81,80,3188116
2018,AL,NYA,NYC21,2018-04-03,2018-09-23,81,81,3482855
2019,AL,NYA,NYC21,2019-03-28,2019-09-22,81,79,3304404
2020,AL,NYA,NYC21,2020-07-31,2020-09-27,31,0,0
2021,AL,NYA,NYC21,2021-04-01,2021-10-03,81,80,1959854
2022,AL,NYA,NYC21,2022-04-08,2022-10-02,81,78,3136207
2023,AL,NYA,NYC21,2023-03-30,2023-09-25,81,80,3269016
2024,AL,NYA,NYC21,2024-04-05,2024-09-29,81,79,3309838
2015,NL,NYN,NYC20,2015-04-13,2015-10-04,81,81,2569753
2016,NL,NYN,NYC20,2016-04-08,2016-09-25,81,80,2789602
2017,NL,NYN,NYC20,2017-04-03,2017-09-27,81,80,2460622
2018,NL,NYN,NYC20,2018-03-29,2018-09-30,81,79,2224995
2019,NL,NYN,NYC20,2019-04-04,2019-09-29,81,80,2442532
2020,NL,NYN,NYC20,2020-07-24,2020-09-23,29,0,0
2021,NL,NYN,NYC20,2021-04-08,2021-09-30,81,73,1511926
2022,NL,NYN,NYC20,2022-04-15,2022-10-05,81,77,2564737
2023,NL,NYN,NYC20,2023-04-07,2023-10-01,81,78,2573555
2024,NL,NYN,NYC20,2024-03-29,2024-09-22,80,78,2275417
2024,NL,NYN,LON01,2024-06-08,2024-06-08,1,1,53882
2015,AL,OAK,OAK01,2015-04-06,2015-09-27,81,81,1768175
2016,AL,OAK,OAK01,2016-04-04,2016-09-25,81,81,1521506
2017,AL,OAK,OAK01,2017-04-03,2017-09-27,81,80,1475721
2018,AL,OAK,OAK01,2018-03-29,2018-09-23,81,81,1573616
2019,AL,OAK,OAK01,2019-03-28,2019-09-22,79,79,1578496
2019,AL,OAK,TOK01,2019-03-20,2019-03-21,2,2,92238
2020,AL,OAK,OAK01,2020-07-24,2020-09-27,32,0,0
2021,AL,OAK,OAK01,2021-04-01,2021-09-26,81,80,701430
2022,AL,OAK,OAK01,2022-04-18,2022-10-05,80,79,787902
2023,AL,OAK,OAK01,2023-03-30,2023-09-24,81,81,832352
2024,AL,OAK,OAK01,2024-03-28,2024-09-26,81,80,922286
2015,NL,PHI,PHI13,2015-04-06,2015-10-04,81,78,1831080
2016,NL,PHI,PHI13,2016-04-11,2016-10-02,81,81,1915144
2017,NL,PHI,PHI13,2017-04-07,2017-10-01,81,79,1905354
2018,NL,PHI,PHI13,2018-04-05,2018-09-30,80,78,2155695
2018,NL,PHI,WIL02,2018-08-19,2018-08-19,1,1,2429
2019,NL,PHI,PHI13,2019-03-28,2019-09-29,81,81,2727421
2020,NL,PHI,PHI13,2020-07-24,2020-09-20,32,0,0
2021,NL,PHI,PHI13,2021-04-01,2021-09-26,81,79,1515890
2022,NL,PHI,PHI13,2022-04-08,2022-09-25,81,80,2276736
2023,NL,PHI,PHI13,2023-04-07,2023-09-28,81,80,3052605
2024,NL,PHI,PHI13,2024-03-29,2024-09-25,80,80,3308638
2024,NL,PHI,LON01,2024-06-09,2024-06-09,1,1,55074
2015,NL,PIT,PIT08,2015-04-13,2015-10-04,81,81,2498596
2016,NL,PIT,PIT08,2016-04-03,2016-09-29,81,80,2249201
2017,NL,PIT,PIT08,2017-04-07,2017-09-27,80,80,1916851
2017,NL,PIT,WIL02,2017-08-20,2017-08-20,1,1,2596
2018,NL,PIT,PIT08,2018-04-02,2018-09-23,80,78,1465316
2019,NL,PIT,PIT08,2019-04-01,2019-09-29,80,80,1488936
2019,NL,PIT,WIL02,2019-08-18,2019-08-18,1,1,2503
2020,NL,PIT,PIT08,2020-07-27,2020-09-24,32,0,0
2021,NL,PIT,PIT08,2021-04-08,2021-10-03,81,81,859498
2022,NL,PIT,PIT08,2022-04-12,2022-10-05,81,81,1257458
2023,NL,PIT,PIT08,2023-04-07,2023-10-01,81,81,1630624
2024,NL,PIT,PIT08,2024-04-05,2024-09-26,81,81,1720361
2015,NL,SDN,SAN02,2015-04-09,2015-10-01,81,81,2459752
2016,NL,SDN,SAN02,2016-04-04,2016-09-29,81,81,2351422
2017,NL,SDN,SAN02,2017-04-07,2017-09-24,81,81,2138491
2018,NL,SDN,MNT01,2018-05-04,2018-05-06,3,3,65116
2018,NL,SDN,SAN02,2018-03-29,2018-09-30,78,78,2103420
2019,NL,SDN,SAN02,2019-03-28,2019-09-26,81,81,2396399
2020,NL,SDN,SAN02,2020-07-24,2020-09-23,32,0,0
2021,NL,SDN,SAN02,2021-04-01,2021-09-26,81,81,2191950
2022,NL,SDN,SAN02,2022-04-14,2022-10-05,81,81,2987470
2023,NL,SDN,MEX02,2023-04-29,2023-04-30,2,2,39244
2023,NL,SDN,SAN02,2023-03-30,2023-09-24,79,79,3232310
2024,NL,SDN,SAN02,2024-03-28,2024-09-22,80,80,3314593
2024,NL,SDN,SEO01,2024-03-20,2024-03-20,1,1,15952
2015,AL,SEA,SEA03,2015-04-06,2015-10-04,81,81,2193581
2016,AL,SEA,SEA03,2016-04-08,2016-10-02,81,81,2267928
2017,AL,SEA,SEA03,2017-04-10,2017-09-24,81,81,2135445
2018,AL,SEA,SEA03,2018-03-29,2018-09-30,81,81,2299489
2019,AL,SEA,SEA03,2019-03-28,2019-09-29,81,81,1791109
2020,AL,SEA,SEA03,2020-07-31,2020-09-23,24,0,0
2021,AL,SEA,SEA03,2021-04-01,2021-10-03,81,81,1215985
2022,AL,SEA,SEA03,2022-04-15,2022-10-05,81,80,2287267
2023,AL,SEA,SEA03,2023-03-30,2023-10-01,81,81,2690418
2024,AL,SEA,SEA03,2024-03-28,2024-09-29,81,81,2555813
2015,NL,SFN,SFO03,2015-04-13,2015-10-04,81,81,3375882
2016,NL,SFN,SFO03,2016-04-07,2016-10-02,81,81,3365256
2017,NL,SFN,SFO03,2017-04-10,2017-10-01,81,81,3303652
2018,NL,SFN,SFO03,2018-04-03,2018-09-30,81,81,3156185
2019,NL,SFN,SFO03,2019-04-05,2019-09-29,81,81,2707760
2020,NL,SFN,SFO03,2020-07-28,2020-09-27,33,0,0
2021,NL,SFN,SFO03,2021-04-09,2021-10-03,81,81,1679484
2022,NL,SFN,SFO03,2022-04-08,2022-10-02,81,81,2482686
2023,NL,SFN,SFO03,2023-04-07,2023-10-01,81,81,2500153
2024,NL,SFN,SFO03,2024-04-05,2024-09-29,81,80,2647736
2015,NL,SLN,STL10,2015-04-13,2015-09-27,81,81,3520889
2016,NL,SLN,STL10,2016-04-11,2016-10-02,81,81,3444490
2017,NL,SLN,STL10,2017-04-02,2017-10-01,81,81,3448337
2018,NL,SLN,STL10,2018-04-05,2018-09-26,81,81,3403587
2019,NL,SLN,STL10,2019-04-05,2019-09-29,81,81,3480393
2020,NL,SLN,STL10,2020-07-24,2020-09-27,27,0,0
2021,NL,SLN,STL10,2021-04-08,2021-10-03,81,80,2102530
2022,NL,SLN,STL10,2022-04-07,2022-10-02,81,81,3320551
2023,NL,SLN,LON01,2023-06-24,2023-06-25,2,2,110227
2023,NL,SLN,STL10,2023-03-30,2023-10-01,79,79,3130864
2024,NL,SLN,STL10,2024-04-04,2024-09-22,80,80,2869783
2024,NL,SLN,BIR01,2024-06-20,2024-06-20,1,1,8332
2015,AL,TBA,STP01,2015-04-06,2015-10-04,84,84,1287054
2016,AL,TBA,STP01,2016-04-03,2016-09-25,81,81,1286163
2017,AL,TBA,NYC20,2017-09-11,2017-09-13,3,3,49510
2017,AL,TBA,STP01,2017-04-02,2017-10-01,78,77,1204109
2018,AL,TBA,STP01,2018-03-29,2018-09-30,81,81,1154973
2019,AL,TBA,STP01,2019-03-28,2019-09-25,81,80,1178735
2020,AL,TBA,STP01,2020-07-24,2020-09-27,29,0,0
2021,AL,TBA,STP01,2021-04-09,2021-09-26,81,80,761072
2022,AL,TBA,STP01,2022-04-08,2022-09-25,81,81,1128127
2023,AL,TBA,STP01,2023-03-30,2023-09-24,81,81,1440301
2024,AL,TBA,STP01,2024-03-28,2024-09-22,81,81,1337739
2015,AL,TEX,ARL02,2015-04-10,2015-10-04,81,81,2491875
2016,AL,TEX,ARL02,2016-04-04,2016-10-02,81,81,2710402
2017,AL,TEX,ARL02,2017-04-03,2017-10-01,81,81,2507760
2018,AL,TEX,ARL02,2018-03-29,2018-09-23,81,81,2107107
2019,AL,TEX,ARL02,2019-03-28,2019-09-29,81,81,2132994
2020,AL,TEX,ARL03,2020-07-24,2020-09-27,30,0,0
2021,AL,TEX,ARL03,2021-04-05,2021-10-03,81,81,2110258
2022,AL,TEX,ARL03,2022-04-11,2022-10-05,81,81,2011361
2023,AL,TEX,ARL03,2023-03-30,2023-09-24,81,81,2533044
2024,AL,TEX,ARL03,2024-03-28,2024-09-22,81,81,2651553
2015,AL,TOR,TOR02,2015-04-13,2015-09-27,81,81,2794891
2016,AL,TOR,TOR02,2016-04-08,2016-09-29,81,81,3392099
2017,AL,TOR,TOR02,2017-04-11,2017-09-24,81,81,3203886
2018,AL,TOR,TOR02,2018-03-29,2018-09-26,81,80,2325281
2019,AL,TOR,TOR02,2019-03-28,2019-09-29,81,81,1750144
2020,AL,TOR,BUF05,2020-08-11,2020-09-27,26,0,0
2021,AL,TOR,BUF05,2021-06-01,2021-07-21,23,22,170130
2021,AL,TOR,DUN01,2021-04-08,2021-05-24,21,21,30936
2021,AL,TOR,TOR02,2021-07-30,2021-10-03,36,36,604835
2022,AL,TOR,TOR02,2022-04-08,2022-10-02,81,81,2653830
2023,AL,TOR,TOR02,2023-04-11,2023-10-01,81,81,3021904
2024,AL,TOR,TOR02,2024-04-08,2024-09-29,81,81,2681236
2015,NL,WAS,WAS11,2015-04-06,2015-09-28,81,81,2619843
2016,NL,WAS,WAS11,2016-04-07,2016-10-02,81,81,2481938
2017,NL,WAS,WAS11,2017-04-03,2017-10-01,81,81,2524980
2018,NL,WAS,WAS11,2018-04-05,2018-09-26,81,80,2529604
2019,NL,WAS,WAS11,2019-03-28,2019-09-29,81,81,2259781
2020,NL,WAS,WAS11,2020-07-23,2020-09-27,33,0,0
2021,NL,WAS,WAS11,2021-04-06,2021-10-03,81,80,1465543
2022,NL,WAS,WAS11,2022-04-07,2022-10-02,81,81,2026401
2023,NL,WAS,WAS11,2023-03-30,2023-09-24,80,80,1863359
2023,NL,WAS,WIL02,2023-08-20,2023-08-20,1,1,2473
2024,NL,WAS,WAS11,2024-04-01,2024-09-29,81,81,1967302
